order_id,date,category,product,quantity,unit_price,region,sales
ORD563570,2024-12-12,Clothing,Jacket,9,1355.48,West,12199.32
ORD880120,2025-08-19,Furniture,Chair,9,1174.1,South,10566.9
ORD684705,2025-07-06,Electronics,Phone,5,662.93,East,3314.65
ORD986119,2025-04-19,Furniture,Shelf,6,1454.87,North,8729.22
ORD673307,2025-04-17,Electronics,Phone,8,1126.23,East,9009.84
ORD799608,2025-09-19,Office,Pen,2,66.22,East,132.44
ORD392734,2024-12-11,Clothing,Jacket,8,700.14,West,5601.12
ORD176337,2025-07-22,Clothing,Shirt,4,1191.55,East,4766.2
ORD500025,2025-01-22,Electronics,Laptop,5,1387.43,West,6937.15
ORD143828,2024-12-14,Clothing,Shirt,1,562.19,West,562.19
ORD691323,2025-05-21,Office,Pen,9,1071.32,East,9641.88
ORD820783,2025-11-01,Clothing,Shirt,8,1110.45,South,8883.6
ORD310287,2025-08-05,Office,Pen,9,934.74,North,8412.66
ORD709557,2025-08-14,Clothing,Jacket,1,774.37,South,774.37
ORD649550,2025-07-29,Furniture,Chair,7,1343.97,South,9407.79
ORD413227,2025-08-23,Furniture,Chair,3,1279.91,East,3839.73
ORD504074,2025-05-16,Clothing,Hat,9,887.53,South,7987.77
ORD268834,2024-12-26,Office,Pen,3,1330.4,West,3991.2
ORD482399,2025-09-12,Furniture,Chair,7,1077.87,South,7545.09
ORD467147,2025-04-23,Clothing,Jacket,9,448.06,West,4032.54
ORD870105,2025-05-11,Furniture,Chair,2,1496.38,East,2992.76
ORD923767,2025-03-25,Furniture,Shelf,6,591.59,South,3549.54
ORD174179,2025-01-15,Electronics,Laptop,4,551.24,North,2204.96
ORD507951,2025-10-14,Electronics,Laptop,2,31.41,South,62.82
ORD898654,2025-08-22,Clothing,Jacket,8,633.47,South,5067.76
ORD356086,2025-07-03,Clothing,Hat,7,813.58,West,5695.06
ORD901785,2025-04-05,Office,Stapler,4,491.39,North,1965.56
ORD631669,2025-09-06,Clothing,Shirt,5,1114.77,North,5573.85
ORD369725,2025-05-28,Furniture,Desk,1,365.85,South,365.85
ORD354921,2025-04-20,Office,Pen,2,1312.1,North,2624.2
ORD671416,2025-04-23,Electronics,Laptop,3,1176.82,West,3530.46
ORD707137,2025-01-31,Office,Stapler,5,1492.08,East,7460.4
ORD523247,2024-12-13,Office,Stapler,7,1182.45,West,8277.15
ORD687629,2025-05-31,Electronics,Phone,6,157.33,South,943.98
ORD225701,2025-09-30,Office,Stapler,8,652.29,East,5218.32
ORD136971,2024-12-03,Electronics,Headphones,9,158.99,South,1430.91
ORD337460,2025-09-19,Electronics,Phone,6,685.4,North,4112.4
ORD200440,2025-09-08,Furniture,Shelf,3,81.19,West,243.57
ORD504349,2025-02-19,Furniture,Desk,7,1048.79,North,7341.53
ORD474948,2025-06-28,Electronics,Headphones,3,594.22,North,1782.66
ORD246312,2025-01-09,Electronics,Phone,3,1294.83,North,3884.49
ORD399784,2025-08-13,Electronics,Phone,5,736.81,North,3684.05
ORD576761,2025-07-23,Office,Paper,5,1262.6,West,6313.0
ORD531876,2025-03-19,Office,Pen,3,367.51,West,1102.53
ORD322180,2024-12-04,Clothing,Hat,4,499.45,North,1997.8
ORD740401,2025-10-30,Clothing,Jacket,1,693.85,West,693.85
ORD118505,2025-04-21,Electronics,Phone,6,211.62,North,1269.72
ORD128155,2025-10-01,Clothing,Shirt,1,286.54,West,286.54
ORD179973,2025-07-15,Electronics,Phone,7,366.25,East,2563.75
ORD104267,2025-08-21,Furniture,Chair,6,1274.91,South,7649.46
ORD907032,2025-08-14,Office,Stapler,5,248.3,East,1241.5
ORD926913,2025-01-20,Clothing,Hat,8,385.12,North,3080.96
ORD171500,2025-03-22,Furniture,Desk,9,1477.05,East,13293.45
ORD819291,2025-04-29,Office,Stapler,8,481.01,East,3848.08
ORD672139,2025-05-10,Electronics,Laptop,3,623.97,North,1871.91
ORD411830,2024-11-25,Office,Stapler,1,49.6,East,49.6
ORD860713,2025-05-28,Office,Pen,7,1089.15,North,7624.05
ORD901016,2025-01-05,Furniture,Chair,7,479.14,North,3353.98
ORD703202,2025-08-08,Electronics,Laptop,3,219.86,North,659.58
ORD992596,2025-07-17,Furniture,Chair,2,763.4,North,1526.8
ORD620027,2025-10-12,Office,Pen,9,1489.66,North,13406.94
ORD892341,2025-08-08,Furniture,Desk,2,1346.47,North,2692.94
ORD749450,2025-03-23,Office,Paper,2,413.41,East,826.82
ORD697258,2025-10-29,Electronics,Laptop,6,445.66,South,2673.96
ORD240634,2025-04-08,Clothing,Hat,2,895.59,North,1791.18
ORD649692,2025-03-08,Electronics,Headphones,8,384.23,East,3073.84
ORD579388,2025-10-06,Electronics,Laptop,5,1018.04,South,5090.2
ORD985074,2025-03-25,Furniture,Shelf,6,1138.84,East,6833.04
ORD131652,2024-12-07,Electronics,Laptop,9,23.64,East,212.76
ORD184664,2025-04-30,Clothing,Jacket,5,614.9,West,3074.5
ORD521917,2025-08-27,Clothing,Hat,6,1025.46,South,6152.76
ORD279587,2025-01-18,Electronics,Laptop,9,271.77,East,2445.93
ORD408375,2025-04-27,Clothing,Hat,9,322.16,West,2899.44
ORD441147,2024-12-27,Office,Stapler,7,1318.16,East,9227.12
ORD580547,2025-07-18,Office,Paper,1,1098.05,East,1098.05
ORD913575,2025-05-02,Clothing,Hat,6,161.4,West,968.4
ORD102921,2025-03-10,Furniture,Shelf,8,154.29,West,1234.32
ORD981301,2025-01-31,Electronics,Laptop,7,39.59,North,277.13
ORD665866,2025-06-04,Clothing,Jacket,8,1331.92,East,10655.36
ORD622889,2025-07-12,Office,Paper,3,915.07,East,2745.21
ORD553851,2025-10-19,Office,Paper,1,1403.4,East,1403.4
ORD454695,2025-04-18,Office,Pen,2,568.92,South,1137.84
ORD142087,2025-01-07,Clothing,Shirt,3,1028.42,North,3085.26
ORD189031,2025-09-09,Office,Pen,9,369.18,North,3322.62
ORD530246,2025-06-27,Office,Stapler,6,420.78,West,2524.68
ORD521574,2025-07-23,Electronics,Headphones,2,785.41,North,1570.82
ORD180856,2024-12-15,Office,Pen,2,724.83,North,1449.66
ORD199622,2025-03-04,Clothing,Shirt,6,745.78,West,4474.68
ORD371463,2025-08-17,Electronics,Phone,2,1148.38,South,2296.76
ORD984129,2025-09-09,Clothing,Hat,9,1476.93,East,13292.37
ORD947150,2025-04-17,Office,Stapler,6,211.0,North,1266.0
ORD861216,2025-08-30,Office,Pen,5,149.98,West,749.9
ORD173631,2025-09-13,Furniture,Desk,4,252.14,East,1008.56
ORD625804,2025-03-31,Office,Paper,2,1278.64,South,2557.28
ORD851684,2025-10-03,Furniture,Shelf,7,560.02,South,3920.14
ORD286131,2025-02-23,Office,Pen,7,1159.67,North,8117.69
ORD754061,2025-02-05,Furniture,Shelf,4,1344.7,North,5378.8
ORD261542,2025-07-17,Electronics,Laptop,3,1270.49,East,3811.47
ORD891097,2025-06-30,Furniture,Desk,1,371.66,South,371.66
ORD405389,2024-12-31,Furniture,Chair,8,1312.49,East,10499.92
ORD366528,2025-09-09,Furniture,Desk,7,370.97,North,2596.79
ORD799622,2025-01-21,Electronics,Phone,9,1332.54,North,11992.86
ORD453954,2025-08-30,Office,Paper,3,796.97,South,2390.91
ORD213097,2024-11-12,Furniture,Shelf,4,201.97,South,807.88
ORD232042,2025-08-27,Electronics,Headphones,1,1430.04,South,1430.04
ORD327865,2025-08-24,Electronics,Laptop,5,315.54,North,1577.7
ORD101495,2025-08-21,Clothing,Shirt,4,1375.69,North,5502.76
ORD460405,2025-07-10,Office,Stapler,6,700.2,West,4201.2
ORD228297,2025-05-01,Furniture,Desk,6,1482.96,North,8897.76
ORD237589,2025-07-25,Clothing,Hat,7,705.8,West,4940.6
ORD938622,2025-02-19,Clothing,Hat,7,79.91,South,559.37
ORD775753,2025-08-21,Office,Pen,8,935.95,North,7487.6
ORD577923,2025-05-31,Furniture,Shelf,8,1386.06,North,11088.48
ORD994030,2025-04-26,Office,Pen,6,8.45,East,50.7
ORD818090,2025-05-13,Office,Pen,8,690.1,North,5520.8
ORD453634,2025-06-05,Electronics,Laptop,2,950.26,South,1900.52
ORD747607,2024-11-23,Electronics,Headphones,6,1090.64,South,6543.84
ORD525505,2024-12-31,Office,Pen,6,901.54,North,5409.24
ORD181625,2025-02-07,Furniture,Shelf,5,269.97,South,1349.85
ORD504668,2024-12-21,Furniture,Shelf,8,65.18,West,521.44
ORD507580,2025-04-19,Office,Stapler,7,1487.75,East,10414.25
ORD952781,2025-07-11,Furniture,Shelf,6,457.21,South,2743.26
ORD904863,2025-07-06,Furniture,Desk,7,607.69,East,4253.83
ORD916376,2025-04-30,Furniture,Chair,7,765.86,East,5361.02
ORD726870,2025-09-18,Office,Paper,2,516.83,East,1033.66
ORD182551,2025-06-04,Office,Paper,4,193.08,West,772.32
ORD374529,2024-12-08,Office,Stapler,2,996.05,East,1992.1
ORD800335,2025-08-16,Electronics,Headphones,3,300.73,North,902.19
ORD254947,2025-06-07,Clothing,Hat,7,1003.43,North,7024.01
ORD355168,2025-06-29,Electronics,Headphones,3,212.29,South,636.87
ORD964521,2025-06-04,Office,Stapler,9,307.77,West,2769.93
ORD649053,2025-05-31,Furniture,Desk,7,1429.62,East,10007.34
ORD746195,2024-12-13,Furniture,Chair,3,484.13,East,1452.39
ORD120904,2025-06-02,Clothing,Jacket,4,1029.71,East,4118.84
ORD426305,2025-08-27,Furniture,Desk,7,917.29,West,6421.03
ORD389993,2025-02-28,Office,Pen,9,1281.71,South,11535.39
ORD831682,2025-06-18,Clothing,Jacket,7,950.14,South,6650.98
ORD931486,2024-11-21,Office,Stapler,3,1369.44,West,4108.32
ORD997070,2025-03-16,Office,Stapler,9,1118.76,West,10068.84
ORD510806,2025-04-18,Clothing,Shirt,7,723.51,East,5064.57
ORD374843,2025-11-03,Furniture,Chair,6,437.53,East,2625.18
ORD296970,2025-01-27,Office,Paper,6,617.92,South,3707.52
ORD429398,2025-02-18,Furniture,Shelf,3,255.71,West,767.13
ORD855255,2025-04-08,Electronics,Phone,4,1197.28,North,4789.12
ORD203810,2025-11-07,Electronics,Phone,7,177.98,West,1245.86
ORD238567,2025-09-17,Office,Paper,9,292.92,West,2636.28
ORD360674,2024-11-22,Electronics,Laptop,4,1399.69,East,5598.76
ORD811663,2025-02-03,Clothing,Jacket,1,211.31,East,211.31
ORD507332,2025-09-05,Electronics,Phone,5,996.86,West,4984.3
ORD481145,2024-12-01,Electronics,Headphones,8,268.65,North,2149.2
ORD816825,2025-09-18,Furniture,Desk,3,1030.81,East,3092.43
ORD564812,2025-02-20,Furniture,Chair,9,1499.14,North,13492.26
ORD388414,2025-10-10,Electronics,Phone,7,1465.11,East,10255.77
ORD146277,2025-02-25,Office,Pen,5,640.04,North,3200.2
ORD713068,2025-04-17,Office,Stapler,7,1182.26,South,8275.82
ORD389390,2025-07-09,Clothing,Hat,8,627.92,South,5023.36
ORD299762,2024-12-26,Electronics,Headphones,7,739.43,West,5176.01
ORD186485,2025-06-01,Clothing,Shirt,2,1319.21,West,2638.42
ORD559026,2025-05-13,Office,Pen,3,105.94,East,317.82
ORD797160,2025-08-23,Electronics,Phone,1,657.29,West,657.29
ORD407983,2025-11-08,Electronics,Phone,4,1235.58,East,4942.32
ORD840811,2025-07-10,Electronics,Phone,2,1291.9,South,2583.8
ORD481048,2025-04-08,Furniture,Desk,5,143.67,West,718.35
ORD777095,2025-04-07,Office,Paper,7,389.89,South,2729.23
ORD378247,2025-04-11,Electronics,Laptop,5,699.7,West,3498.5
ORD776340,2025-09-03,Office,Paper,2,316.53,East,633.06
ORD246055,2025-03-07,Clothing,Shirt,7,268.56,North,1879.92
ORD991348,2025-01-09,Electronics,Phone,8,600.77,East,4806.16
ORD926093,2025-03-12,Clothing,Shirt,9,675.85,East,6082.65
ORD885572,2024-11-18,Office,Pen,8,1463.52,West,11708.16
ORD951920,2024-12-18,Office,Pen,6,985.83,North,5914.98
ORD595817,2024-12-12,Office,Pen,7,851.8,East,5962.6
ORD577464,2025-08-18,Office,Stapler,4,44.73,East,178.92
ORD334165,2025-07-31,Electronics,Headphones,6,731.86,East,4391.16
ORD413674,2025-07-22,Office,Paper,3,1240.78,West,3722.34
ORD569726,2025-04-27,Furniture,Chair,4,409.69,North,1638.76
ORD859857,2025-07-29,Electronics,Phone,5,1016.6,East,5083.0
ORD905059,2025-01-07,Electronics,Laptop,1,322.35,East,322.35
ORD185548,2025-10-04,Clothing,Jacket,8,1335.94,North,10687.52
ORD153537,2025-05-11,Office,Stapler,5,1403.64,South,7018.2
ORD371048,2025-10-18,Office,Pen,5,297.25,East,1486.25
ORD286286,2025-01-04,Furniture,Chair,2,153.24,South,306.48
ORD686389,2025-05-10,Electronics,Laptop,5,206.36,North,1031.8
ORD149743,2025-07-22,Clothing,Shirt,3,544.33,North,1632.99
ORD476822,2025-05-09,Furniture,Desk,4,917.68,South,3670.72
ORD189847,2025-04-21,Electronics,Headphones,8,1394.85,East,11158.8
ORD466591,2025-01-09,Clothing,Shirt,1,931.26,North,931.26
ORD837827,2025-03-29,Electronics,Phone,8,1132.64,North,9061.12
ORD288971,2025-02-05,Furniture,Desk,2,71.04,West,142.08
ORD619174,2025-02-28,Office,Pen,3,1423.23,North,4269.69
ORD393429,2025-07-17,Clothing,Hat,9,1468.06,North,13212.54
ORD442658,2025-06-28,Office,Paper,5,1456.47,West,7282.35
ORD689131,2025-06-19,Clothing,Jacket,8,196.44,East,1571.52
ORD879529,2025-03-22,Office,Pen,2,159.41,West,318.82
ORD495721,2025-10-26,Electronics,Laptop,6,615.96,South,3695.76
ORD939500,2024-12-11,Office,Stapler,6,1390.52,West,8343.12
ORD972372,2025-03-15,Furniture,Desk,7,679.31,South,4755.17
ORD598958,2024-12-23,Furniture,Desk,5,989.84,South,4949.2
ORD578929,2025-03-13,Office,Pen,9,571.0,South,5139.0
ORD450186,2025-10-27,Electronics,Phone,2,1086.06,West,2172.12
ORD579188,2025-03-23,Clothing,Shirt,8,1134.53,East,9076.24
ORD637654,2025-10-07,Office,Paper,8,1391.62,North,11132.96
ORD862465,2025-05-09,Electronics,Headphones,9,1418.55,North,12766.95
ORD104156,2025-07-23,Office,Pen,9,870.57,West,7835.13
ORD174936,2025-04-25,Furniture,Chair,9,846.19,East,7615.71
ORD546775,2025-02-15,Electronics,Laptop,7,1278.96,North,8952.72
ORD942647,2025-08-15,Electronics,Laptop,5,1181.04,North,5905.2
ORD608569,2025-10-29,Office,Stapler,8,562.73,West,4501.84
ORD234783,2025-02-14,Electronics,Phone,7,1163.49,North,8144.43
ORD967220,2025-08-21,Office,Pen,5,1448.3,North,7241.5
ORD965940,2025-02-13,Clothing,Hat,8,893.44,North,7147.52
ORD829865,2025-07-29,Clothing,Jacket,4,156.15,South,624.6
ORD756474,2025-08-24,Furniture,Desk,3,1473.31,East,4419.93
ORD475856,2025-04-23,Furniture,Shelf,4,558.13,North,2232.52
ORD162011,2025-08-05,Electronics,Phone,8,1257.39,West,10059.12
ORD121573,2025-02-17,Office,Stapler,3,1312.13,North,3936.39
ORD621770,2024-12-08,Clothing,Jacket,5,1036.74,South,5183.7
ORD656842,2024-12-15,Electronics,Laptop,7,568.22,West,3977.54
ORD938338,2025-04-22,Electronics,Phone,6,785.77,South,4714.62
ORD409726,2025-10-05,Electronics,Laptop,2,286.77,South,573.54
ORD302145,2024-12-26,Electronics,Phone,5,610.47,West,3052.35
ORD686501,2025-04-25,Clothing,Jacket,9,125.7,East,1131.3
ORD220370,2025-07-24,Clothing,Hat,8,646.39,East,5171.12
ORD994187,2025-01-22,Office,Paper,1,804.23,South,804.23
ORD590605,2025-07-31,Office,Stapler,6,1060.17,North,6361.02
ORD942285,2025-03-01,Office,Paper,9,72.45,South,652.05
ORD104262,2025-09-01,Clothing,Hat,9,94.44,North,849.96
ORD924169,2025-06-09,Clothing,Hat,2,804.67,North,1609.34
ORD990257,2025-05-28,Clothing,Jacket,7,670.3,South,4692.1
ORD270426,2025-01-13,Electronics,Phone,9,469.43,West,4224.87
ORD706543,2025-04-28,Furniture,Chair,2,145.96,West,291.92
ORD978306,2025-09-18,Clothing,Shirt,7,1245.88,North,8721.16
ORD930610,2024-11-17,Furniture,Shelf,4,194.77,West,779.08
ORD909028,2025-08-13,Clothing,Shirt,5,817.53,West,4087.65
ORD510991,2025-05-08,Electronics,Headphones,4,726.99,East,2907.96
ORD452355,2025-07-30,Office,Stapler,4,545.59,North,2182.36
ORD752032,2025-07-10,Electronics,Phone,7,1170.91,North,8196.37
ORD131658,2025-04-16,Office,Pen,9,920.27,North,8282.43
ORD836433,2025-03-02,Office,Pen,8,1463.73,North,11709.84
ORD979472,2025-06-26,Electronics,Laptop,5,1404.58,West,7022.9
ORD939627,2024-12-31,Electronics,Phone,6,234.63,North,1407.78
ORD921203,2025-06-11,Electronics,Phone,2,855.01,South,1710.02
ORD556710,2024-12-14,Office,Paper,6,306.79,East,1840.74
ORD953957,2025-07-05,Clothing,Hat,6,1296.88,East,7781.28
ORD466441,2025-06-27,Electronics,Laptop,2,342.76,North,685.52
ORD793695,2024-12-10,Office,Paper,9,570.57,South,5135.13
ORD267038,2025-08-13,Electronics,Laptop,4,484.5,North,1938.0
ORD305780,2025-04-10,Furniture,Chair,7,654.97,West,4584.79
ORD786716,2025-08-24,Clothing,Hat,9,1405.32,North,12647.88
ORD567594,2024-11-25,Electronics,Headphones,1,748.98,East,748.98
ORD189093,2025-01-14,Electronics,Laptop,9,1492.25,South,13430.25
ORD160143,2025-05-09,Office,Paper,5,635.54,West,3177.7
ORD650052,2025-01-17,Furniture,Desk,3,958.23,North,2874.69
ORD907078,2025-03-10,Electronics,Laptop,9,706.16,South,6355.44
ORD747681,2025-07-09,Office,Paper,7,1234.21,North,8639.47
ORD674142,2025-01-01,Furniture,Shelf,8,645.11,South,5160.88
ORD491476,2025-07-15,Electronics,Headphones,7,524.77,East,3673.39
ORD433820,2024-12-17,Furniture,Shelf,7,1441.08,East,10087.56
ORD141072,2025-01-12,Furniture,Desk,6,761.11,West,4566.66
ORD770682,2025-06-12,Furniture,Desk,5,327.17,East,1635.85
ORD202055,2025-08-26,Office,Pen,4,942.1,North,3768.4
ORD199651,2025-01-11,Furniture,Chair,9,412.52,East,3712.68
ORD455644,2025-02-27,Electronics,Headphones,8,300.51,North,2404.08
ORD784490,2025-10-13,Office,Pen,5,1324.82,East,6624.1
ORD808820,2025-11-06,Electronics,Headphones,8,539.74,North,4317.92
ORD377499,2025-06-10,Office,Stapler,2,413.78,North,827.56
ORD234139,2025-04-22,Office,Pen,7,1059.02,East,7413.14
ORD773190,2025-03-16,Electronics,Laptop,5,1174.41,East,5872.05
ORD349161,2025-06-21,Electronics,Headphones,2,1231.73,South,2463.46
ORD520735,2025-06-13,Electronics,Laptop,4,268.65,North,1074.6
ORD257218,2025-02-25,Office,Paper,7,1128.91,North,7902.37
ORD494939,2024-11-18,Office,Pen,3,200.68,North,602.04
ORD585399,2025-01-04,Furniture,Chair,8,357.82,South,2862.56
ORD678697,2025-10-25,Clothing,Shirt,9,749.41,East,6744.69
ORD496956,2025-04-11,Electronics,Headphones,6,922.21,West,5533.26
ORD514837,2025-05-05,Clothing,Hat,9,1188.22,South,10693.98
ORD521810,2025-04-29,Clothing,Shirt,7,718.41,North,5028.87
ORD596945,2025-08-22,Office,Paper,4,854.41,West,3417.64
ORD277102,2024-12-03,Furniture,Shelf,9,341.64,North,3074.76
ORD885619,2024-12-10,Clothing,Shirt,8,1492.26,East,11938.08
ORD774098,2025-02-18,Electronics,Headphones,2,605.48,South,1210.96
ORD410176,2025-05-06,Office,Stapler,6,1408.51,South,8451.06
ORD301202,2025-07-12,Clothing,Jacket,6,258.85,South,1553.1
ORD462591,2025-05-08,Electronics,Headphones,1,1424.19,West,1424.19
ORD765882,2025-04-20,Electronics,Headphones,1,291.92,East,291.92
ORD921955,2025-10-18,Electronics,Phone,8,400.74,West,3205.92
ORD478241,2025-01-07,Clothing,Shirt,3,1222.64,East,3667.92
ORD338137,2025-06-06,Electronics,Headphones,3,1446.96,East,4340.88
ORD798050,2025-05-26,Electronics,Laptop,9,383.29,South,3449.61
ORD851612,2025-05-01,Clothing,Jacket,7,570.59,East,3994.13
ORD427145,2025-08-31,Clothing,Shirt,7,858.9,North,6012.3
ORD567022,2025-02-15,Clothing,Hat,1,315.96,West,315.96
ORD404540,2025-10-24,Furniture,Shelf,7,595.88,North,4171.16
ORD275946,2025-03-11,Furniture,Chair,4,287.31,North,1149.24
ORD573791,2025-05-27,Furniture,Desk,4,1293.41,South,5173.64
ORD470658,2025-05-19,Furniture,Shelf,7,1474.57,North,10321.99
ORD993696,2025-09-16,Furniture,Desk,3,372.58,West,1117.74
ORD521407,2025-04-19,Furniture,Chair,7,151.19,South,1058.33
ORD314185,2025-02-21,Electronics,Phone,2,698.42,North,1396.84
ORD822447,2024-11-17,Office,Pen,8,1361.87,East,10894.96
ORD348076,2025-03-22,Furniture,Chair,6,385.82,South,2314.92
ORD302220,2025-09-07,Electronics,Phone,9,606.06,West,5454.54
ORD176547,2024-11-13,Office,Stapler,6,57.5,South,345.0
ORD289840,2025-10-03,Electronics,Headphones,6,1175.44,North,7052.64
ORD165231,2025-05-27,Office,Stapler,6,1273.33,West,7639.98
ORD375219,2024-12-31,Electronics,Laptop,1,1301.8,East,1301.8
ORD209588,2025-02-28,Electronics,Laptop,5,196.8,West,984.0
ORD497100,2025-05-31,Clothing,Shirt,9,1093.92,West,9845.28
ORD141684,2025-03-05,Electronics,Headphones,2,1118.43,East,2236.86
ORD206059,2024-12-19,Clothing,Shirt,7,435.34,South,3047.38
ORD554624,2025-07-11,Clothing,Shirt,3,760.39,East,2281.17
ORD921837,2025-07-13,Furniture,Shelf,4,1181.4,West,4725.6
ORD327672,2024-12-23,Clothing,Shirt,7,1018.57,East,7129.99
ORD964562,2025-02-20,Furniture,Shelf,2,1193.87,South,2387.74
ORD453049,2025-02-07,Electronics,Headphones,8,1476.36,West,11810.88
ORD987964,2025-07-08,Office,Paper,6,713.53,North,4281.18
ORD187592,2025-08-03,Electronics,Phone,6,1313.93,South,7883.58
ORD981979,2025-08-02,Office,Paper,8,577.26,East,4618.08
ORD286731,2025-10-18,Office,Stapler,8,1156.44,South,9251.52
ORD846635,2025-08-17,Office,Pen,6,989.43,West,5936.58
ORD388198,2025-03-07,Clothing,Shirt,5,1069.32,North,5346.6
ORD413447,2024-12-19,Furniture,Desk,5,87.54,South,437.7
ORD474731,2025-06-22,Clothing,Hat,7,597.67,North,4183.69
ORD331851,2025-10-10,Clothing,Hat,1,1125.81,East,1125.81
ORD368147,2025-10-31,Furniture,Shelf,3,1329.13,East,3987.39
ORD321129,2025-02-02,Electronics,Laptop,5,1170.01,West,5850.05
ORD498305,2025-02-04,Clothing,Shirt,4,1437.98,North,5751.92
ORD578451,2024-11-23,Furniture,Chair,6,1117.27,West,6703.62
ORD379405,2024-12-31,Electronics,Laptop,2,962.46,South,1924.92
ORD414606,2025-05-31,Electronics,Phone,8,1218.57,North,9748.56
ORD252650,2025-05-28,Clothing,Jacket,2,1458.66,North,2917.32
ORD252221,2025-03-25,Clothing,Hat,9,501.58,West,4514.22
ORD442382,2025-03-03,Office,Pen,2,184.57,North,369.14
ORD219287,2025-09-08,Electronics,Phone,9,115.72,North,1041.48
ORD133526,2025-04-26,Furniture,Shelf,7,1162.75,East,8139.25
ORD569912,2025-09-01,Furniture,Desk,8,959.51,South,7676.08
ORD251071,2025-10-27,Clothing,Hat,4,522.37,South,2089.48
ORD334633,2025-03-05,Office,Pen,2,1195.87,West,2391.74
ORD720175,2025-01-22,Office,Pen,7,1263.89,North,8847.23
ORD169970,2025-10-23,Office,Stapler,7,1285.33,West,8997.31
ORD507173,2025-06-29,Clothing,Hat,2,328.85,South,657.7
ORD611949,2025-02-24,Furniture,Desk,9,446.05,West,4014.45
ORD500740,2025-06-24,Electronics,Phone,4,934.68,East,3738.72
ORD724185,2025-05-16,Furniture,Chair,6,206.94,South,1241.64
ORD776154,2025-10-06,Furniture,Shelf,6,115.74,East,694.44
ORD300130,2025-02-11,Office,Pen,4,134.63,West,538.52
ORD860890,2025-11-06,Office,Paper,8,359.41,East,2875.28
ORD525299,2025-10-17,Clothing,Jacket,5,1141.83,West,5709.15
ORD936806,2025-01-14,Furniture,Desk,1,1392.32,East,1392.32
ORD763762,2025-01-09,Office,Stapler,5,904.99,West,4524.95
ORD563176,2025-05-23,Electronics,Phone,4,724.98,East,2899.92
ORD965979,2024-11-26,Clothing,Jacket,5,705.14,West,3525.7
ORD229645,2025-02-27,Furniture,Desk,6,329.29,North,1975.74
ORD792317,2025-04-17,Electronics,Laptop,1,650.76,South,650.76
ORD977990,2025-10-29,Furniture,Shelf,7,857.12,North,5999.84
ORD663974,2025-11-07,Electronics,Phone,9,255.21,South,2296.89
ORD360624,2025-01-04,Electronics,Phone,4,621.33,East,2485.32
ORD550188,2025-10-01,Clothing,Shirt,3,1359.16,West,4077.48
ORD826302,2024-12-13,Electronics,Headphones,5,1498.25,West,7491.25
ORD336583,2025-08-10,Electronics,Headphones,3,379.4,East,1138.2
ORD198418,2025-09-14,Furniture,Desk,7,1485.47,West,10398.29
ORD939639,2025-10-01,Furniture,Desk,6,1290.66,South,7743.96
ORD302371,2025-01-30,Office,Pen,4,1250.09,East,5000.36
ORD986541,2025-10-02,Office,Stapler,4,1478.5,South,5914.0
ORD133973,2024-12-22,Clothing,Hat,6,407.35,West,2444.1
ORD554952,2025-05-18,Office,Paper,5,843.36,North,4216.8
ORD826965,2025-04-30,Furniture,Desk,4,1125.02,South,4500.08
ORD269840,2025-03-05,Office,Paper,3,195.2,South,585.6
ORD194336,2024-11-18,Furniture,Shelf,9,345.66,South,3110.94
ORD384724,2025-08-18,Clothing,Hat,5,36.63,West,183.15
ORD718516,2025-03-12,Electronics,Phone,3,416.17,East,1248.51
ORD119551,2025-07-09,Electronics,Phone,1,874.68,West,874.68
ORD305996,2025-04-08,Electronics,Headphones,1,911.82,North,911.82
ORD822476,2025-03-26,Office,Stapler,4,112.34,South,449.36
ORD634591,2025-09-29,Furniture,Shelf,2,272.01,North,544.02
ORD282511,2024-12-14,Clothing,Jacket,5,229.31,West,1146.55
ORD963712,2025-08-05,Clothing,Jacket,2,901.14,East,1802.28
ORD529509,2025-08-09,Clothing,Hat,5,453.91,West,2269.55
ORD194336,2025-03-28,Clothing,Jacket,7,73.72,North,516.04
ORD495260,2025-02-13,Office,Paper,7,32.56,South,227.92
ORD569844,2024-11-11,Furniture,Desk,3,1166.09,East,3498.27
ORD527519,2025-10-17,Clothing,Shirt,7,158.68,West,1110.76
ORD878290,2025-10-21,Furniture,Desk,7,68.61,North,480.27
ORD259000,2025-02-05,Electronics,Laptop,5,623.83,North,3119.15
ORD647727,2024-11-21,Electronics,Headphones,6,306.02,West,1836.12
ORD956734,2024-12-24,Clothing,Jacket,1,1387.82,East,1387.82
ORD276574,2024-12-04,Furniture,Chair,8,1455.45,West,11643.6
ORD170340,2025-09-09,Clothing,Shirt,9,827.73,West,7449.57
ORD532900,2025-10-01,Electronics,Headphones,1,924.03,East,924.03
ORD765792,2025-01-04,Office,Paper,6,234.6,East,1407.6
ORD571460,2025-08-09,Furniture,Chair,7,1274.22,East,8919.54
ORD972511,2025-01-14,Office,Stapler,5,471.76,West,2358.8
ORD439298,2025-03-24,Electronics,Headphones,1,266.34,South,266.34
ORD760730,2025-06-16,Electronics,Headphones,5,1414.14,East,7070.7
ORD279822,2025-07-30,Electronics,Phone,9,570.41,West,5133.69
ORD934002,2025-09-25,Clothing,Hat,3,929.9,South,2789.7
ORD588082,2024-11-26,Electronics,Phone,1,1481.03,East,1481.03
ORD405762,2025-01-20,Electronics,Laptop,1,1012.92,West,1012.92
ORD226227,2025-02-20,Office,Pen,4,1131.89,South,4527.56
ORD568064,2025-03-03,Office,Paper,4,1269.32,East,5077.28
ORD326275,2025-11-09,Office,Stapler,1,1429.7,South,1429.7
ORD540338,2025-08-20,Furniture,Chair,2,1328.21,East,2656.42
ORD219428,2025-03-06,Office,Pen,3,1032.86,North,3098.58
ORD496969,2025-10-30,Electronics,Laptop,3,213.98,North,641.94
ORD483151,2025-05-11,Furniture,Desk,5,423.06,East,2115.3
ORD686200,2025-05-11,Electronics,Headphones,6,563.71,South,3382.26
ORD402222,2025-04-17,Clothing,Shirt,4,376.2,North,1504.8
ORD440053,2025-01-01,Office,Pen,4,1216.4,North,4865.6
ORD669182,2025-10-17,Clothing,Jacket,2,37.64,East,75.28
ORD190258,2024-11-15,Furniture,Shelf,4,634.81,East,2539.24
ORD981913,2025-01-12,Electronics,Headphones,8,38.29,West,306.32
ORD808799,2025-02-01,Furniture,Chair,7,430.79,West,3015.53
ORD763411,2025-02-19,Furniture,Desk,3,1471.6,West,4414.8
ORD232068,2024-12-28,Electronics,Laptop,5,822.75,East,4113.75
ORD170053,2024-11-16,Clothing,Jacket,1,29.26,West,29.26
ORD531818,2025-07-15,Office,Pen,8,489.23,North,3913.84
ORD286737,2025-10-29,Electronics,Headphones,3,200.73,South,602.19
ORD553657,2024-12-24,Electronics,Headphones,9,402.39,West,3621.51
ORD757302,2025-02-26,Electronics,Phone,5,1395.51,South,6977.55
ORD554090,2025-05-13,Furniture,Shelf,9,391.96,West,3527.64
ORD472164,2025-10-14,Furniture,Shelf,2,422.83,South,845.66
ORD978873,2025-07-21,Clothing,Hat,4,798.43,West,3193.72
ORD462890,2025-08-16,Electronics,Phone,7,51.45,South,360.15
ORD263189,2025-06-10,Office,Paper,2,1021.65,South,2043.3
ORD460461,2025-04-11,Furniture,Shelf,4,536.05,South,2144.2
ORD425168,2025-01-21,Office,Pen,7,702.43,East,4917.01
ORD137760,2025-09-21,Electronics,Headphones,1,324.68,East,324.68
ORD545139,2025-08-30,Clothing,Jacket,4,63.27,East,253.08
ORD409585,2024-11-19,Furniture,Chair,9,1121.93,North,10097.37
ORD645878,2025-07-29,Electronics,Phone,8,1405.68,North,11245.44
ORD539778,2024-12-10,Electronics,Headphones,4,1489.25,East,5957.0
ORD579924,2025-08-06,Office,Paper,2,781.16,West,1562.32
ORD166102,2025-09-07,Clothing,Shirt,5,26.12,East,130.6
ORD197424,2024-12-27,Clothing,Jacket,3,64.14,West,192.42
ORD417059,2025-04-17,Clothing,Shirt,4,54.05,South,216.2
ORD446650,2024-12-25,Office,Pen,2,571.04,South,1142.08
ORD643847,2025-06-05,Clothing,Jacket,4,139.15,South,556.6
ORD991727,2025-10-14,Electronics,Phone,2,1136.19,East,2272.38
ORD939978,2024-12-09,Office,Stapler,1,800.08,East,800.08
ORD859844,2025-04-04,Office,Pen,7,1148.31,East,8038.17
ORD742844,2025-10-31,Office,Stapler,2,1151.48,South,2302.96
ORD184907,2025-02-27,Clothing,Hat,3,1394.22,South,4182.66
ORD348909,2024-12-28,Clothing,Hat,5,144.44,West,722.2
ORD819299,2025-05-07,Furniture,Chair,1,1156.43,East,1156.43
ORD776765,2025-05-14,Clothing,Jacket,5,151.34,West,756.7
ORD503394,2025-07-09,Office,Stapler,4,68.47,East,273.88
ORD143448,2025-03-04,Office,Pen,9,640.53,South,5764.77
ORD483373,2025-10-24,Clothing,Shirt,3,1341.15,West,4023.45
ORD520953,2025-05-19,Clothing,Shirt,7,629.53,East,4406.71
ORD416736,2025-02-22,Office,Paper,5,231.94,West,1159.7
ORD968543,2025-10-26,Furniture,Desk,5,1236.75,South,6183.75
ORD970832,2025-10-13,Office,Stapler,9,1178.16,South,10603.44
ORD602507,2025-05-11,Furniture,Shelf,2,792.06,North,1584.12
ORD337104,2024-11-19,Electronics,Phone,8,878.32,South,7026.56
ORD444957,2025-06-15,Electronics,Headphones,9,847.97,North,7631.73
ORD834310,2025-05-31,Furniture,Chair,1,898.79,North,898.79
ORD162830,2025-01-03,Electronics,Phone,5,391.54,East,1957.7
ORD905254,2025-06-29,Furniture,Desk,2,1405.89,South,2811.78
ORD400103,2025-09-12,Office,Pen,3,883.51,South,2650.53
ORD193736,2024-12-18,Furniture,Desk,4,238.66,East,954.64
ORD331471,2025-08-01,Furniture,Shelf,7,1309.43,South,9166.01
ORD202617,2024-12-31,Office,Stapler,9,136.2,West,1225.8
ORD393593,2025-08-10,Furniture,Shelf,6,475.5,West,2853.0
ORD271040,2025-04-11,Office,Stapler,5,627.16,South,3135.8
ORD651181,2024-11-12,Furniture,Shelf,8,1059.38,South,8475.04
ORD405113,2025-10-28,Electronics,Laptop,1,982.33,North,982.33
ORD899847,2025-01-09,Furniture,Desk,5,1425.03,North,7125.15
ORD388144,2025-06-15,Furniture,Desk,8,209.02,West,1672.16
ORD852131,2025-01-15,Clothing,Jacket,8,448.82,East,3590.56
ORD447328,2025-10-16,Electronics,Laptop,4,385.55,East,1542.2
ORD396805,2025-08-06,Electronics,Phone,7,942.29,South,6596.03
ORD794673,2025-08-30,Office,Pen,4,803.19,West,3212.76
ORD369438,2025-04-16,Electronics,Laptop,3,1449.47,East,4348.41
ORD152846,2025-04-29,Furniture,Chair,9,1191.54,South,10723.86
ORD820422,2025-06-29,Furniture,Desk,9,1480.13,East,13321.17
ORD213907,2025-08-23,Office,Pen,1,845.2,North,845.2
ORD850665,2025-09-15,Furniture,Shelf,1,1086.53,East,1086.53
ORD779112,2024-11-16,Clothing,Jacket,6,920.6,South,5523.6
ORD189134,2025-07-10,Furniture,Shelf,5,59.46,West,297.3
ORD683557,2024-12-19,Furniture,Shelf,2,1291.22,West,2582.44
ORD734087,2025-02-23,Office,Paper,1,511.84,North,511.84
ORD899224,2025-09-08,Furniture,Chair,2,144.91,South,289.82
ORD274673,2025-02-09,Furniture,Shelf,1,442.01,North,442.01
ORD376865,2025-08-27,Clothing,Shirt,7,917.73,North,6424.11
ORD655082,2025-04-27,Furniture,Chair,7,1094.08,North,7658.56
ORD953985,2025-02-02,Electronics,Headphones,1,1095.6,West,1095.6
ORD885106,2025-03-11,Office,Stapler,2,731.64,South,1463.28
ORD488035,2025-05-22,Office,Pen,3,784.96,East,2354.88
ORD843918,2025-08-16,Office,Paper,6,1492.54,West,8955.24
ORD416908,2025-06-19,Electronics,Laptop,4,275.16,West,1100.64
ORD842069,2025-10-16,Electronics,Phone,3,1147.29,North,3441.87
ORD160280,2025-09-22,Office,Paper,9,53.73,West,483.57
ORD457642,2025-08-11,Electronics,Laptop,7,397.78,North,2784.46
ORD616276,2025-06-18,Clothing,Shirt,2,301.19,North,602.38
ORD381321,2025-02-23,Office,Paper,8,568.22,East,4545.76
ORD720784,2025-04-09,Clothing,Shirt,2,645.45,North,1290.9
ORD688083,2024-12-23,Electronics,Headphones,8,853.78,South,6830.24
ORD755092,2025-03-26,Electronics,Phone,2,108.36,East,216.72
ORD991443,2025-10-14,Clothing,Shirt,1,104.27,East,104.27
ORD121380,2025-04-14,Clothing,Hat,8,137.95,South,1103.6
ORD523299,2024-12-21,Clothing,Shirt,5,355.88,West,1779.4
ORD540007,2025-07-05,Furniture,Shelf,4,1194.31,West,4777.24
ORD614946,2025-10-27,Electronics,Laptop,9,229.44,West,2064.96
ORD897700,2025-09-22,Clothing,Hat,1,719.08,North,719.08
ORD844721,2025-02-18,Electronics,Laptop,9,398.66,East,3587.94
ORD516004,2025-04-24,Office,Pen,4,784.56,South,3138.24
ORD878387,2025-05-22,Office,Pen,7,380.03,South,2660.21
ORD641906,2025-02-08,Office,Pen,2,1308.8,North,2617.6
ORD188050,2025-02-16,Furniture,Chair,5,1272.26,East,6361.3
ORD142525,2025-02-04,Electronics,Laptop,2,17.88,North,35.76
ORD401943,2025-11-08,Office,Stapler,2,72.1,West,144.2
ORD780466,2025-08-09,Furniture,Chair,1,890.24,South,890.24
ORD277390,2025-09-12,Clothing,Jacket,6,894.81,North,5368.86
ORD211533,2025-09-04,Clothing,Hat,3,288.29,East,864.87
ORD722573,2025-10-26,Office,Paper,6,1189.44,East,7136.64
ORD322540,2024-12-18,Clothing,Jacket,9,1209.63,North,10886.67
ORD580764,2025-09-27,Furniture,Desk,7,498.03,South,3486.21
ORD475220,2024-12-04,Clothing,Jacket,7,1462.01,South,10234.07
ORD450758,2025-05-02,Electronics,Laptop,9,165.39,South,1488.51
ORD938314,2025-06-14,Electronics,Headphones,5,105.72,West,528.6
ORD854062,2025-03-20,Clothing,Shirt,1,1149.16,North,1149.16
ORD161758,2025-01-02,Electronics,Phone,9,1089.92,North,9809.28
ORD153217,2025-01-19,Electronics,Headphones,8,1137.24,East,9097.92
ORD390216,2025-09-07,Clothing,Hat,7,881.33,South,6169.31
ORD271488,2025-03-06,Clothing,Hat,2,883.35,West,1766.7
ORD997899,2025-03-03,Furniture,Desk,4,1135.4,South,4541.6
ORD404047,2025-10-13,Office,Pen,1,811.46,North,811.46
ORD463848,2025-01-01,Office,Stapler,6,78.37,South,470.22
ORD659285,2025-10-10,Clothing,Jacket,7,987.71,East,6913.97
ORD662283,2025-10-12,Furniture,Chair,6,1186.41,West,7118.46
ORD194140,2025-06-16,Clothing,Jacket,1,156.28,East,156.28
ORD711145,2025-01-09,Office,Stapler,5,1310.12,East,6550.6
ORD113494,2025-01-05,Office,Pen,4,336.5,East,1346.0
ORD632225,2025-02-21,Furniture,Shelf,8,892.22,West,7137.76
ORD132250,2025-06-08,Office,Paper,7,1296.84,South,9077.88
ORD145341,2025-01-05,Furniture,Desk,5,555.51,South,2777.55
ORD926888,2025-04-25,Clothing,Shirt,4,563.21,North,2252.84
ORD195175,2024-12-22,Clothing,Jacket,5,356.09,West,1780.45
ORD852746,2025-05-26,Electronics,Laptop,1,578.1,West,578.1
ORD647793,2024-11-17,Clothing,Hat,8,170.68,West,1365.44
ORD969764,2025-07-26,Clothing,Hat,2,81.16,South,162.32
ORD597027,2024-11-30,Clothing,Hat,8,785.6,West,6284.8
ORD278081,2025-01-20,Furniture,Chair,7,750.41,West,5252.87
ORD846234,2025-01-12,Electronics,Laptop,7,1425.99,South,9981.93
ORD693066,2025-09-09,Furniture,Chair,8,1410.83,North,11286.64
ORD516339,2024-11-29,Clothing,Shirt,5,965.26,West,4826.3
ORD731889,2025-04-15,Furniture,Desk,8,149.65,North,1197.2
ORD304028,2025-06-13,Electronics,Phone,8,223.02,North,1784.16
ORD458541,2025-05-17,Clothing,Jacket,9,248.99,North,2240.91
ORD920983,2025-07-16,Furniture,Shelf,4,941.11,South,3764.44
ORD952638,2025-08-30,Office,Pen,9,1354.22,West,12187.98
ORD675290,2025-04-02,Clothing,Shirt,6,932.12,East,5592.72
ORD918324,2025-09-08,Furniture,Shelf,5,1437.35,North,7186.75
ORD111157,2025-03-06,Furniture,Chair,8,569.04,South,4552.32
ORD567622,2025-11-04,Clothing,Jacket,3,658.3,East,1974.9
ORD437749,2025-05-13,Office,Stapler,3,793.68,West,2381.04
ORD944011,2025-08-05,Electronics,Headphones,4,482.9,North,1931.6
ORD679365,2025-09-25,Office,Paper,5,751.42,North,3757.1
ORD993217,2025-08-26,Clothing,Hat,3,1040.69,South,3122.07
ORD127895,2025-09-16,Electronics,Phone,3,698.26,West,2094.78
ORD323318,2025-05-24,Clothing,Jacket,6,1121.36,East,6728.16
ORD137127,2024-11-25,Furniture,Shelf,6,597.12,South,3582.72
ORD439500,2025-05-08,Furniture,Chair,5,1493.36,East,7466.8
ORD844096,2025-01-15,Electronics,Laptop,6,1127.76,South,6766.56
ORD820948,2025-09-30,Office,Paper,2,1046.6,East,2093.2
ORD123415,2025-02-04,Clothing,Hat,2,1389.64,South,2779.28
ORD417521,2025-02-01,Office,Stapler,4,295.97,North,1183.88
ORD249393,2025-02-09,Electronics,Laptop,5,504.87,North,2524.35
ORD673533,2025-07-02,Electronics,Laptop,1,1152.65,South,1152.65
ORD365851,2025-06-06,Clothing,Hat,6,190.99,West,1145.94
ORD943060,2025-10-22,Furniture,Shelf,5,613.25,North,3066.25
ORD700656,2025-04-10,Clothing,Jacket,9,619.75,West,5577.75
ORD191652,2025-02-21,Furniture,Desk,7,52.21,West,365.47
ORD699446,2024-11-27,Electronics,Laptop,6,352.67,West,2116.02
ORD575205,2024-11-12,Electronics,Laptop,3,1229.79,West,3689.37
ORD544833,2025-03-26,Office,Pen,7,410.35,North,2872.45
ORD922513,2025-10-13,Office,Pen,4,1235.49,West,4941.96
ORD305502,2025-05-20,Clothing,Jacket,8,1439.6,South,11516.8
ORD742708,2025-10-02,Furniture,Shelf,9,636.63,East,5729.67
ORD317182,2024-12-17,Furniture,Desk,4,436.39,East,1745.56
ORD589130,2024-12-14,Clothing,Shirt,6,1332.2,South,7993.2
ORD517960,2025-09-10,Furniture,Shelf,5,645.75,North,3228.75
ORD741855,2024-12-18,Furniture,Chair,3,301.58,West,904.74
ORD876632,2024-11-28,Furniture,Shelf,7,864.43,South,6051.01
ORD930154,2025-04-06,Office,Pen,8,1095.47,West,8763.76
ORD993787,2025-10-13,Clothing,Shirt,6,1270.28,North,7621.68
ORD160496,2025-07-19,Electronics,Laptop,3,1118.15,West,3354.45
ORD608918,2024-12-16,Office,Stapler,9,594.67,South,5352.03
ORD720686,2025-09-11,Furniture,Chair,7,1261.84,North,8832.88
ORD542448,2025-09-13,Office,Stapler,4,372.74,North,1490.96
ORD765190,2025-08-29,Furniture,Shelf,4,109.82,West,439.28
ORD502547,2025-10-05,Furniture,Desk,5,923.35,East,4616.75
ORD303892,2025-02-05,Office,Paper,5,875.09,South,4375.45
ORD771082,2025-11-02,Furniture,Chair,5,1227.66,East,6138.3
ORD345757,2025-03-07,Electronics,Laptop,6,1281.21,West,7687.26
ORD765254,2025-08-29,Electronics,Phone,6,431.54,West,2589.24
ORD537369,2025-06-09,Office,Pen,7,386.41,East,2704.87
ORD888163,2025-08-21,Furniture,Chair,9,575.05,North,5175.45
ORD821001,2025-06-27,Electronics,Headphones,5,252.97,West,1264.85
ORD883659,2025-07-02,Clothing,Jacket,1,592.99,West,592.99
ORD757486,2025-06-22,Clothing,Hat,7,584.86,East,4094.02
ORD903235,2025-08-21,Clothing,Jacket,7,705.27,East,4936.89
ORD821007,2025-08-06,Office,Pen,4,965.99,North,3863.96
ORD225548,2024-12-29,Clothing,Shirt,3,378.26,West,1134.78
ORD573353,2025-09-07,Electronics,Headphones,9,757.25,North,6815.25
ORD561059,2025-05-24,Clothing,Jacket,1,836.95,East,836.95
ORD485561,2025-03-07,Clothing,Hat,3,618.46,South,1855.38
ORD222996,2025-05-16,Electronics,Phone,7,1178.14,South,8246.98
ORD736803,2025-10-28,Electronics,Laptop,5,9.05,West,45.25
ORD344840,2025-09-19,Office,Pen,5,504.47,East,2522.35
ORD331205,2025-09-10,Furniture,Desk,8,796.79,North,6374.32
ORD859966,2025-04-27,Furniture,Chair,6,144.2,South,865.2
ORD526449,2025-08-23,Furniture,Chair,2,544.04,West,1088.08
ORD547322,2025-03-30,Clothing,Shirt,2,284.06,West,568.12
ORD579274,2025-07-18,Clothing,Shirt,9,1087.4,North,9786.6
ORD817764,2025-07-01,Clothing,Shirt,1,1323.71,South,1323.71
ORD610377,2025-02-09,Clothing,Hat,5,1012.86,East,5064.3
ORD190469,2025-02-15,Furniture,Desk,6,1379.07,East,8274.42
ORD555013,2024-12-02,Furniture,Chair,1,1417.48,North,1417.48
ORD991899,2024-12-31,Office,Pen,7,1262.47,West,8837.29
ORD238767,2025-04-17,Office,Pen,3,1331.7,West,3995.1
ORD683736,2025-05-03,Electronics,Phone,7,535.31,East,3747.17
ORD528254,2025-01-09,Furniture,Desk,1,207.16,South,207.16
ORD416269,2025-04-11,Electronics,Headphones,1,958.5,North,958.5
ORD742124,2025-06-18,Office,Pen,7,1031.84,East,7222.88
ORD852275,2025-02-02,Furniture,Desk,9,581.19,East,5230.71
ORD827296,2025-03-13,Furniture,Chair,5,1482.73,East,7413.65
ORD417960,2025-03-24,Clothing,Shirt,6,942.02,West,5652.12
ORD108659,2025-05-13,Furniture,Shelf,7,1497.35,West,10481.45
ORD207121,2025-03-23,Office,Paper,1,895.81,East,895.81
ORD817548,2025-08-05,Office,Pen,6,1097.89,South,6587.34
ORD885915,2025-03-09,Electronics,Headphones,2,72.22,North,144.44
ORD528556,2025-04-17,Electronics,Headphones,4,47.3,North,189.2
ORD491143,2025-03-28,Furniture,Desk,3,897.11,South,2691.33
ORD648708,2025-01-15,Electronics,Headphones,7,1020.32,South,7142.24
ORD765166,2025-07-18,Electronics,Headphones,9,1471.23,West,13241.07
ORD569860,2025-02-03,Electronics,Laptop,3,1219.71,North,3659.13
ORD516518,2025-02-26,Furniture,Chair,2,679.57,East,1359.14
ORD957927,2025-08-26,Electronics,Headphones,7,966.54,East,6765.78
ORD141096,2025-10-22,Furniture,Desk,3,560.71,East,1682.13
ORD782773,2025-07-12,Electronics,Headphones,4,660.17,South,2640.68
ORD309297,2025-10-10,Electronics,Headphones,2,883.79,West,1767.58
ORD660678,2025-09-17,Furniture,Chair,1,567.82,West,567.82
ORD388752,2025-05-04,Office,Pen,4,1223.49,South,4893.96
ORD961517,2025-08-18,Furniture,Shelf,3,993.0,West,2979.0
ORD472984,2025-03-09,Office,Pen,7,689.56,West,4826.92
ORD473401,2025-04-27,Furniture,Desk,2,160.85,South,321.7
ORD601239,2025-05-24,Office,Stapler,2,618.61,East,1237.22
ORD901483,2025-10-26,Office,Stapler,3,934.08,North,2802.24
ORD206636,2025-09-15,Office,Pen,1,378.07,West,378.07
ORD397413,2025-05-07,Clothing,Shirt,2,604.95,South,1209.9
ORD184209,2025-07-06,Furniture,Desk,1,246.99,North,246.99
ORD397870,2025-01-22,Office,Paper,3,824.85,South,2474.55
ORD197477,2025-08-30,Electronics,Laptop,1,1412.34,South,1412.34
ORD612674,2025-05-30,Furniture,Chair,2,1472.01,North,2944.02
ORD179594,2025-05-23,Furniture,Desk,6,1480.11,East,8880.66
ORD606313,2025-08-16,Office,Stapler,4,936.49,North,3745.96
ORD234304,2025-06-29,Office,Pen,4,1397.21,South,5588.84
ORD369356,2024-12-06,Office,Stapler,5,974.92,South,4874.6
ORD611029,2025-02-23,Clothing,Jacket,1,1384.68,South,1384.68
ORD237155,2025-01-13,Furniture,Shelf,8,802.41,North,6419.28
ORD319706,2025-08-05,Furniture,Chair,5,236.7,West,1183.5
ORD800324,2024-11-22,Office,Stapler,8,1064.75,North,8518.0
ORD706729,2025-01-22,Clothing,Jacket,1,245.76,North,245.76
ORD470586,2025-06-16,Furniture,Chair,2,1027.58,East,2055.16
ORD634864,2025-07-21,Furniture,Desk,4,1047.44,East,4189.76
ORD932235,2025-05-12,Furniture,Chair,9,1323.45,East,11911.05
ORD177297,2025-09-20,Furniture,Shelf,5,485.77,East,2428.85
ORD850027,2025-10-11,Clothing,Shirt,6,1480.01,North,8880.06
ORD355240,2024-12-28,Electronics,Phone,8,257.12,East,2056.96
ORD118924,2025-10-23,Furniture,Desk,2,1198.53,South,2397.06
ORD799019,2025-06-22,Clothing,Jacket,8,234.6,North,1876.8
ORD276806,2025-06-30,Electronics,Phone,5,779.23,West,3896.15
ORD323152,2024-12-14,Office,Stapler,2,22.65,South,45.3
ORD920358,2025-06-24,Furniture,Shelf,2,1454.84,West,2909.68
ORD588646,2025-08-01,Electronics,Headphones,6,389.44,West,2336.64
ORD993258,2025-06-09,Office,Pen,8,862.9,South,6903.2
ORD215363,2024-12-10,Electronics,Phone,5,977.96,South,4889.8
ORD274837,2025-05-19,Office,Stapler,9,1230.19,East,11071.71
ORD887589,2025-10-17,Furniture,Shelf,7,1075.62,East,7529.34
ORD746288,2025-08-01,Electronics,Laptop,8,153.77,South,1230.16
ORD154636,2024-12-30,Furniture,Chair,1,365.73,South,365.73
ORD644044,2025-10-26,Clothing,Jacket,9,917.56,North,8258.04
ORD594058,2025-10-25,Clothing,Hat,8,467.77,West,3742.16
ORD219501,2025-01-10,Clothing,Jacket,1,984.4,South,984.4
ORD846298,2025-08-29,Electronics,Headphones,9,151.63,East,1364.67
ORD162830,2025-04-07,Furniture,Desk,5,1119.78,North,5598.9
ORD199675,2025-06-14,Electronics,Laptop,7,887.03,East,6209.21
ORD385708,2025-04-21,Office,Pen,7,442.94,West,3100.58
ORD350745,2025-08-22,Clothing,Jacket,7,1048.79,East,7341.53
ORD624044,2025-11-08,Clothing,Hat,7,141.88,West,993.16
ORD768098,2025-08-27,Office,Paper,3,592.91,South,1778.73
ORD473415,2025-10-15,Furniture,Desk,2,474.66,East,949.32
ORD642174,2025-10-21,Electronics,Laptop,3,1290.22,North,3870.66
ORD435256,2024-12-12,Furniture,Desk,5,101.36,West,506.8
ORD735488,2025-02-10,Office,Paper,3,1478.12,North,4434.36
ORD619232,2025-07-31,Furniture,Desk,9,280.54,North,2524.86
ORD788251,2025-06-13,Furniture,Shelf,4,1386.8,East,5547.2
ORD258332,2024-11-28,Office,Paper,4,1463.23,East,5852.92
ORD323806,2024-12-14,Office,Pen,6,1378.4,West,8270.4
ORD123013,2025-05-18,Electronics,Headphones,5,974.43,North,4872.15
ORD655611,2025-06-22,Clothing,Jacket,6,745.82,South,4474.92
ORD307411,2025-01-10,Electronics,Phone,8,408.5,North,3268.0
ORD894527,2025-01-11,Furniture,Shelf,4,370.49,North,1481.96
ORD686118,2024-12-27,Office,Paper,1,617.5,South,617.5
ORD114631,2025-06-04,Electronics,Phone,7,675.45,South,4728.15
ORD186894,2024-11-12,Furniture,Shelf,1,1086.72,West,1086.72
ORD649862,2025-06-06,Clothing,Shirt,9,509.55,North,4585.95
ORD302354,2025-05-02,Electronics,Laptop,7,336.82,South,2357.74
ORD784856,2025-04-29,Electronics,Phone,6,1172.47,West,7034.82
ORD771029,2025-07-15,Furniture,Chair,9,683.15,North,6148.35
ORD924451,2025-05-19,Furniture,Shelf,9,1312.86,North,11815.74
ORD911691,2025-08-02,Electronics,Headphones,4,700.92,West,2803.68
ORD331918,2025-08-15,Electronics,Phone,1,588.46,East,588.46
ORD148775,2025-10-11,Electronics,Phone,9,297.15,West,2674.35
ORD708416,2025-08-28,Clothing,Hat,7,963.21,North,6742.47
ORD121209,2025-05-17,Furniture,Chair,7,284.1,East,1988.7
ORD740045,2025-05-08,Clothing,Shirt,3,386.5,South,1159.5
ORD236312,2025-02-04,Furniture,Desk,1,950.51,South,950.51
ORD345552,2025-06-16,Electronics,Headphones,7,409.56,West,2866.92
ORD811762,2024-12-30,Furniture,Chair,9,500.22,South,4501.98
ORD587564,2025-10-15,Office,Pen,2,293.55,South,587.1
ORD212044,2025-09-14,Office,Pen,6,1416.2,East,8497.2
ORD138661,2024-12-23,Office,Pen,9,151.98,East,1367.82
ORD606308,2025-08-23,Office,Stapler,5,1265.37,West,6326.85
ORD373003,2024-12-22,Electronics,Phone,7,567.93,North,3975.51
ORD344122,2025-07-31,Furniture,Chair,5,100.18,West,500.9
ORD740544,2024-12-12,Clothing,Jacket,6,1103.95,North,6623.7
ORD248610,2025-05-07,Electronics,Headphones,3,6.23,North,18.69
ORD267524,2025-07-08,Furniture,Chair,4,190.06,South,760.24
ORD804437,2025-08-03,Office,Pen,1,90.09,North,90.09
ORD967929,2025-04-11,Clothing,Jacket,3,1473.43,North,4420.29
ORD158280,2025-10-12,Clothing,Shirt,1,903.2,East,903.2
ORD168974,2025-08-19,Furniture,Chair,1,286.9,East,286.9
ORD256551,2025-01-25,Clothing,Jacket,3,1009.62,West,3028.86
ORD136163,2025-07-12,Furniture,Desk,9,1018.63,South,9167.67
ORD133463,2025-08-03,Electronics,Headphones,7,11.52,South,80.64
ORD542361,2025-03-11,Furniture,Desk,9,389.71,West,3507.39
ORD945417,2025-08-06,Clothing,Shirt,1,125.41,North,125.41
ORD359486,2025-10-03,Furniture,Chair,8,219.23,East,1753.84
ORD537889,2025-09-04,Office,Pen,6,832.38,North,4994.28
ORD599508,2025-08-15,Furniture,Chair,6,585.14,South,3510.84
ORD583364,2025-06-29,Furniture,Chair,6,1398.03,North,8388.18
ORD684452,2025-02-16,Clothing,Shirt,9,1375.44,East,12378.96
ORD310133,2025-08-27,Furniture,Shelf,8,10.41,South,83.28
ORD416531,2025-03-22,Electronics,Phone,1,147.55,East,147.55
ORD706216,2025-05-23,Electronics,Headphones,9,887.37,West,7986.33
ORD111694,2025-03-04,Electronics,Headphones,7,535.43,East,3748.01
ORD585271,2025-03-04,Clothing,Shirt,1,415.0,South,415.0
ORD225104,2025-01-06,Clothing,Shirt,7,1044.85,North,7313.95
ORD365695,2025-10-26,Clothing,Hat,9,296.28,East,2666.52
ORD200910,2025-01-02,Furniture,Desk,5,661.83,North,3309.15
ORD113899,2024-12-11,Electronics,Laptop,4,250.56,North,1002.24
ORD419683,2025-10-17,Electronics,Laptop,9,430.87,North,3877.83
ORD741914,2025-05-31,Furniture,Chair,6,846.63,West,5079.78
ORD600596,2025-04-18,Clothing,Hat,3,176.68,West,530.04
ORD371595,2025-08-06,Office,Paper,3,1319.74,West,3959.22
ORD343828,2025-03-29,Office,Pen,9,831.75,South,7485.75
ORD179051,2024-12-26,Clothing,Jacket,7,1206.98,North,8448.86
ORD138677,2025-08-03,Electronics,Headphones,3,850.15,North,2550.45
ORD112982,2025-01-13,Electronics,Phone,2,112.31,East,224.62
ORD269900,2025-05-30,Office,Stapler,4,345.98,South,1383.92
ORD944454,2025-10-22,Clothing,Hat,4,214.57,West,858.28
ORD738933,2025-10-17,Clothing,Shirt,6,964.28,East,5785.68
ORD474755,2025-03-21,Furniture,Shelf,5,727.79,West,3638.95
ORD698175,2025-08-21,Furniture,Chair,3,162.36,East,487.08
ORD244108,2025-06-21,Office,Pen,1,145.87,South,145.87
ORD478949,2025-05-03,Electronics,Headphones,6,944.57,North,5667.42
ORD658151,2024-12-31,Electronics,Phone,2,532.35,South,1064.7
ORD538283,2025-03-27,Furniture,Shelf,6,739.89,North,4439.34
ORD875643,2025-07-05,Electronics,Headphones,4,747.98,West,2991.92
ORD387256,2025-11-05,Office,Pen,1,1414.05,South,1414.05
ORD402039,2024-11-11,Office,Pen,8,1079.44,West,8635.52
ORD639656,2025-07-29,Electronics,Headphones,1,43.12,South,43.12
ORD577722,2025-09-14,Office,Pen,2,1405.68,West,2811.36
ORD157575,2025-10-23,Furniture,Shelf,6,441.38,South,2648.28
ORD812419,2025-04-13,Electronics,Headphones,8,132.91,North,1063.28
ORD736912,2024-12-23,Office,Pen,1,653.88,West,653.88
ORD938499,2025-02-16,Electronics,Headphones,5,1271.08,East,6355.4
ORD300732,2025-09-16,Office,Pen,8,762.18,East,6097.44
ORD171945,2025-09-26,Electronics,Headphones,5,44.17,South,220.85
ORD572200,2025-06-30,Electronics,Laptop,4,530.27,South,2121.08
ORD268909,2024-12-24,Furniture,Shelf,8,783.55,South,6268.4
ORD193159,2024-12-24,Office,Stapler,8,240.61,North,1924.88
ORD223430,2025-05-03,Furniture,Desk,5,1194.31,East,5971.55
ORD129580,2025-06-12,Furniture,Shelf,7,592.1,West,4144.7
ORD280149,2024-11-21,Furniture,Chair,9,496.77,North,4470.93
ORD532547,2025-07-18,Office,Pen,4,843.1,West,3372.4
ORD260505,2025-05-27,Furniture,Shelf,2,480.51,East,961.02
ORD383229,2024-11-14,Office,Pen,6,896.67,North,5380.02
ORD458304,2024-12-14,Furniture,Chair,6,972.88,East,5837.28
ORD132675,2025-04-24,Electronics,Laptop,4,1339.6,East,5358.4
ORD753186,2025-07-31,Clothing,Hat,1,763.34,North,763.34
ORD509432,2025-09-07,Office,Paper,1,1373.52,East,1373.52
ORD534344,2025-04-16,Office,Stapler,1,1300.08,South,1300.08
ORD716722,2025-02-25,Clothing,Jacket,6,308.0,East,1848.0
ORD228432,2025-10-29,Clothing,Jacket,9,661.71,West,5955.39
ORD976697,2025-04-26,Office,Stapler,2,1049.46,North,2098.92
ORD866052,2025-03-05,Furniture,Chair,3,1390.76,East,4172.28
ORD683166,2025-04-20,Electronics,Headphones,1,1039.48,South,1039.48
ORD548067,2024-11-14,Clothing,Shirt,5,787.52,West,3937.6
ORD564308,2025-02-28,Clothing,Shirt,8,1219.7,South,9757.6
ORD810032,2025-05-17,Office,Pen,8,155.71,East,1245.68
ORD148943,2025-10-11,Furniture,Shelf,2,769.2,East,1538.4
ORD157640,2025-08-06,Office,Pen,6,931.95,North,5591.7
ORD874690,2025-08-22,Clothing,Hat,1,1276.17,South,1276.17
ORD411270,2025-05-27,Office,Paper,3,606.91,East,1820.73
ORD890624,2024-12-20,Electronics,Laptop,5,134.11,West,670.55
ORD261554,2025-04-01,Furniture,Shelf,4,845.98,West,3383.92
ORD168353,2025-11-08,Furniture,Shelf,9,375.61,East,3380.49
ORD496453,2024-11-26,Electronics,Laptop,9,486.9,South,4382.1
ORD269072,2025-09-26,Electronics,Laptop,6,399.73,West,2398.38
ORD233760,2025-07-17,Electronics,Phone,8,1319.06,South,10552.48
ORD395290,2025-02-21,Office,Pen,7,1136.04,South,7952.28
ORD675915,2025-08-20,Clothing,Hat,1,841.07,East,841.07
ORD804054,2025-09-11,Electronics,Phone,1,1486.34,East,1486.34
ORD171007,2024-11-25,Office,Stapler,2,35.56,West,71.12
ORD106044,2024-12-18,Clothing,Shirt,5,1185.39,South,5926.95
ORD163442,2025-07-10,Office,Pen,7,1190.57,West,8333.99
ORD970086,2025-11-09,Furniture,Desk,3,468.99,West,1406.97
ORD521312,2024-11-18,Clothing,Jacket,5,830.74,South,4153.7
ORD844042,2025-07-10,Office,Paper,5,651.34,West,3256.7
ORD355225,2024-12-29,Office,Stapler,2,848.62,West,1697.24
ORD606683,2025-07-05,Office,Paper,7,1258.29,West,8808.03
ORD375019,2025-06-25,Furniture,Shelf,2,1016.21,East,2032.42
ORD629441,2024-12-13,Furniture,Shelf,2,750.07,South,1500.14
ORD432271,2025-07-16,Clothing,Shirt,9,916.99,West,8252.91
ORD782468,2025-10-03,Electronics,Laptop,8,1077.0,East,8616.0
ORD972978,2025-09-21,Office,Paper,4,623.97,West,2495.88
ORD746357,2024-11-20,Furniture,Desk,1,969.09,West,969.09
ORD650233,2025-02-07,Electronics,Laptop,7,1215.86,South,8511.02
ORD736539,2025-02-05,Furniture,Desk,3,1438.81,East,4316.43
ORD902630,2025-04-24,Electronics,Headphones,3,1378.77,West,4136.31
ORD589015,2025-01-01,Clothing,Hat,6,262.4,North,1574.4
ORD857634,2025-09-17,Clothing,Hat,5,1303.02,East,6515.1
ORD489092,2025-08-20,Electronics,Laptop,4,761.42,West,3045.68
ORD970676,2025-09-01,Furniture,Chair,9,1257.24,North,11315.16
ORD526127,2025-01-21,Office,Paper,1,29.65,North,29.65
ORD646943,2024-11-15,Electronics,Phone,6,1194.01,East,7164.06
ORD373224,2025-10-08,Electronics,Headphones,6,235.89,North,1415.34
ORD502114,2025-02-23,Office,Stapler,7,1329.4,East,9305.8
ORD532071,2025-07-07,Electronics,Phone,3,709.07,South,2127.21
ORD513563,2025-10-07,Clothing,Hat,2,1278.69,North,2557.38
ORD567302,2024-11-23,Clothing,Jacket,5,519.34,North,2596.7
ORD582428,2024-11-11,Office,Pen,1,749.93,West,749.93
ORD739961,2024-11-11,Clothing,Jacket,6,773.91,East,4643.46
ORD363980,2025-01-06,Furniture,Desk,1,280.75,West,280.75
ORD534616,2024-11-28,Clothing,Shirt,8,1291.8,North,10334.4
ORD998984,2025-09-05,Furniture,Shelf,3,1144.11,South,3432.33
ORD390087,2025-06-19,Electronics,Phone,3,671.37,South,2014.11
ORD755589,2025-11-02,Furniture,Desk,2,388.73,West,777.46
ORD812820,2025-08-29,Furniture,Chair,1,1149.78,East,1149.78
ORD909644,2025-10-27,Furniture,Desk,6,1373.13,East,8238.78
ORD801421,2025-02-05,Clothing,Hat,4,728.9,East,2915.6
ORD306891,2025-02-23,Office,Pen,5,495.47,West,2477.35
ORD997906,2025-09-16,Clothing,Jacket,1,71.37,South,71.37
ORD314778,2025-02-07,Furniture,Shelf,7,1427.16,West,9990.12
ORD551087,2024-11-30,Office,Stapler,3,199.39,North,598.17
ORD550536,2025-07-12,Clothing,Shirt,4,10.98,West,43.92
ORD303200,2025-08-29,Electronics,Phone,3,302.44,South,907.32
ORD113823,2025-10-29,Office,Paper,4,924.46,South,3697.84
ORD428952,2025-10-14,Clothing,Hat,6,1043.33,South,6259.98
ORD556035,2024-12-23,Office,Pen,8,1446.6,South,11572.8
ORD851960,2025-08-18,Furniture,Chair,3,679.12,North,2037.36
ORD286609,2025-09-14,Office,Stapler,4,1328.32,East,5313.28
ORD195749,2025-07-22,Furniture,Shelf,6,288.7,North,1732.2
ORD525211,2025-09-05,Clothing,Hat,5,626.45,East,3132.25
ORD294980,2025-09-11,Furniture,Chair,1,1234.08,North,1234.08
ORD742190,2025-04-21,Office,Stapler,5,418.48,East,2092.4
ORD146624,2024-11-24,Electronics,Phone,8,268.81,South,2150.48
ORD345082,2025-04-25,Furniture,Shelf,3,587.05,South,1761.15
ORD289173,2025-01-22,Electronics,Laptop,8,449.51,West,3596.08
ORD885312,2024-12-21,Clothing,Shirt,5,479.89,North,2399.45
ORD891519,2024-12-25,Electronics,Laptop,2,628.49,East,1256.98
ORD529263,2025-07-22,Furniture,Chair,2,1362.98,North,2725.96
ORD477829,2025-05-13,Clothing,Shirt,7,364.51,South,2551.57
ORD196643,2025-05-26,Office,Pen,4,573.1,North,2292.4
ORD366628,2025-08-08,Furniture,Shelf,4,918.18,East,3672.72
ORD435939,2025-05-29,Electronics,Laptop,9,1318.08,West,11862.72
ORD148001,2025-06-27,Office,Stapler,6,420.85,West,2525.1
ORD754896,2024-12-11,Electronics,Headphones,1,641.44,North,641.44
ORD413211,2025-09-16,Office,Pen,2,146.36,East,292.72
ORD717193,2025-04-22,Office,Stapler,6,575.21,East,3451.26
ORD588289,2025-01-05,Electronics,Phone,6,142.93,West,857.58
ORD633342,2025-09-02,Electronics,Headphones,9,452.62,South,4073.58
ORD895009,2025-08-05,Electronics,Laptop,1,647.89,East,647.89
ORD584524,2024-11-29,Electronics,Phone,4,1028.04,East,4112.16
ORD703083,2025-01-19,Electronics,Phone,2,500.26,North,1000.52
ORD265427,2024-11-15,Clothing,Jacket,8,1302.06,East,10416.48
ORD866960,2025-02-16,Clothing,Hat,9,1132.77,West,10194.93
ORD829217,2024-12-16,Clothing,Hat,4,1203.69,East,4814.76
ORD563445,2025-07-27,Clothing,Jacket,5,959.24,East,4796.2
ORD800549,2025-05-19,Furniture,Shelf,2,1230.49,South,2460.98
ORD738656,2025-11-02,Clothing,Hat,9,377.14,East,3394.26
ORD503203,2025-08-10,Electronics,Headphones,5,1360.82,West,6804.1
ORD977465,2025-06-21,Furniture,Desk,6,255.1,East,1530.6
ORD814616,2025-05-14,Electronics,Phone,5,1194.71,East,5973.55
ORD870845,2024-11-29,Office,Paper,2,287.5,North,575.0
ORD283142,2024-12-05,Clothing,Jacket,1,1076.94,North,1076.94
ORD280243,2025-06-22,Office,Stapler,8,467.81,East,3742.48
ORD242309,2024-11-11,Clothing,Shirt,7,678.85,East,4751.95
ORD335489,2024-11-25,Clothing,Jacket,5,519.0,South,2595.0
ORD236054,2025-01-28,Office,Pen,1,251.79,West,251.79
ORD323821,2025-09-28,Clothing,Jacket,3,137.14,South,411.42
ORD300274,2025-04-26,Clothing,Shirt,4,771.27,West,3085.08
ORD945883,2025-07-26,Office,Pen,6,947.82,East,5686.92
ORD522199,2025-04-09,Office,Stapler,4,1227.63,East,4910.52
ORD170433,2025-01-12,Clothing,Jacket,5,1058.17,East,5290.85
ORD542255,2025-03-25,Clothing,Hat,1,132.04,West,132.04
ORD572329,2024-12-13,Clothing,Shirt,9,343.15,South,3088.35
ORD933820,2025-08-18,Furniture,Shelf,2,196.18,West,392.36
ORD392293,2025-01-15,Office,Paper,7,336.23,East,2353.61
ORD207042,2025-03-27,Electronics,Phone,8,845.68,North,6765.44
ORD473752,2025-11-02,Furniture,Desk,6,1168.65,East,7011.9
ORD169066,2025-06-14,Electronics,Phone,2,313.91,North,627.82
ORD241702,2025-04-26,Office,Paper,2,35.12,North,70.24
ORD330077,2025-05-27,Office,Paper,8,1403.85,East,11230.8
ORD607664,2025-08-23,Clothing,Hat,6,210.65,West,1263.9
ORD991910,2025-02-10,Electronics,Phone,7,588.44,South,4119.08
ORD856849,2025-06-30,Office,Pen,3,1030.32,West,3090.96
ORD601720,2025-09-24,Furniture,Shelf,4,809.83,East,3239.32
ORD343666,2025-06-06,Electronics,Laptop,7,819.75,South,5738.25
ORD652438,2025-04-21,Electronics,Phone,8,938.42,West,7507.36
ORD523163,2025-01-01,Office,Paper,6,623.54,East,3741.24
ORD987099,2025-02-08,Office,Pen,1,1029.96,South,1029.96
ORD714303,2025-10-21,Electronics,Headphones,8,428.05,South,3424.4
ORD137926,2025-05-26,Clothing,Jacket,5,914.15,East,4570.75
ORD734903,2025-02-27,Clothing,Hat,5,1099.82,East,5499.1
ORD555729,2025-04-11,Furniture,Chair,1,638.91,South,638.91
ORD643477,2025-06-08,Office,Stapler,4,589.49,South,2357.96
ORD704904,2025-05-25,Office,Pen,4,659.12,West,2636.48
ORD125397,2025-07-23,Furniture,Desk,1,707.6,West,707.6
ORD599303,2025-02-11,Clothing,Hat,1,1424.13,South,1424.13
ORD658100,2025-07-04,Office,Pen,6,389.79,North,2338.74
ORD247030,2025-04-20,Furniture,Desk,2,309.52,South,619.04
ORD471079,2025-10-19,Electronics,Headphones,2,1498.56,East,2997.12
ORD834464,2025-01-06,Electronics,Phone,2,34.87,West,69.74
ORD741596,2025-01-03,Office,Paper,7,1372.33,South,9606.31
ORD620337,2025-04-27,Clothing,Jacket,3,63.78,West,191.34
ORD329294,2025-05-14,Clothing,Shirt,8,1393.75,South,11150.0
ORD740908,2025-07-20,Furniture,Chair,8,776.21,East,6209.68
ORD379957,2025-04-06,Furniture,Shelf,9,932.02,East,8388.18
ORD486344,2025-10-09,Electronics,Laptop,8,292.51,North,2340.08
ORD577309,2025-05-02,Electronics,Headphones,8,1058.79,North,8470.32
ORD513013,2024-12-27,Electronics,Laptop,5,1220.29,East,6101.45
ORD560174,2024-12-23,Clothing,Jacket,5,1230.73,North,6153.65
ORD596404,2025-10-31,Electronics,Laptop,8,582.63,West,4661.04
ORD590364,2024-12-28,Office,Pen,3,780.46,West,2341.38
ORD878308,2025-10-21,Office,Paper,7,330.67,South,2314.69
ORD286617,2025-02-19,Clothing,Shirt,4,1384.8,North,5539.2
ORD189155,2024-12-14,Office,Paper,3,1243.83,East,3731.49
ORD627497,2025-03-01,Electronics,Phone,9,799.49,West,7195.41
ORD162555,2025-06-22,Electronics,Laptop,7,748.15,North,5237.05
ORD547926,2025-04-15,Office,Paper,4,975.41,South,3901.64
ORD837879,2025-08-23,Clothing,Shirt,4,282.56,North,1130.24
ORD893546,2025-06-21,Electronics,Phone,6,270.83,North,1624.98
ORD870867,2025-04-05,Office,Pen,7,1314.24,North,9199.68
ORD949931,2025-06-29,Office,Pen,4,1438.74,East,5754.96
ORD281538,2025-10-30,Clothing,Hat,2,892.04,North,1784.08
ORD456370,2025-04-09,Clothing,Shirt,9,163.47,North,1471.23
ORD991277,2025-01-05,Office,Pen,5,1043.72,North,5218.6
ORD548170,2025-04-08,Office,Stapler,4,140.09,South,560.36
ORD666167,2025-09-12,Furniture,Chair,2,219.3,South,438.6
ORD277281,2025-01-28,Clothing,Jacket,2,785.22,East,1570.44
ORD687366,2025-10-22,Furniture,Chair,6,86.89,North,521.34
ORD178605,2025-06-12,Electronics,Headphones,5,979.46,South,4897.3
ORD108063,2025-06-17,Furniture,Desk,1,355.17,East,355.17
ORD520077,2025-03-05,Office,Pen,1,334.1,North,334.1
ORD588456,2025-10-11,Electronics,Headphones,5,1469.53,West,7347.65
ORD313942,2024-11-23,Office,Stapler,1,488.74,North,488.74
ORD746414,2025-02-27,Electronics,Phone,7,682.52,North,4777.64
ORD421403,2025-04-11,Office,Pen,2,1075.57,South,2151.14
ORD610102,2025-05-03,Clothing,Hat,4,809.9,North,3239.6
ORD245420,2025-05-02,Electronics,Phone,5,232.94,South,1164.7
ORD270358,2025-01-02,Electronics,Laptop,3,262.69,South,788.07
ORD593436,2025-01-31,Clothing,Jacket,1,849.9,South,849.9
ORD391812,2024-12-14,Furniture,Chair,8,136.17,South,1089.36
ORD383390,2025-06-06,Furniture,Shelf,2,294.11,South,588.22
ORD491983,2025-03-18,Office,Stapler,7,1420.6,West,9944.2
ORD914666,2025-06-04,Furniture,Shelf,6,722.65,East,4335.9
ORD290031,2025-06-13,Office,Paper,2,962.36,South,1924.72
ORD381992,2025-07-24,Furniture,Shelf,2,592.12,East,1184.24
ORD905753,2025-05-28,Clothing,Hat,5,1233.23,South,6166.15
ORD932184,2025-07-04,Office,Paper,7,207.25,East,1450.75
ORD407672,2025-06-12,Clothing,Jacket,5,366.03,South,1830.15
ORD954641,2025-07-06,Office,Paper,4,1077.69,South,4310.76
ORD689241,2025-06-23,Electronics,Headphones,2,675.65,East,1351.3
ORD958077,2025-03-05,Clothing,Shirt,8,443.09,South,3544.72
ORD766287,2025-02-07,Electronics,Laptop,4,1450.4,West,5801.6
ORD206899,2025-08-24,Furniture,Shelf,2,881.27,North,1762.54
ORD834850,2025-03-15,Electronics,Headphones,6,1044.35,South,6266.1
ORD682406,2025-05-29,Clothing,Hat,2,592.32,South,1184.64
ORD832814,2025-01-20,Furniture,Desk,9,48.46,North,436.14
ORD240616,2025-04-16,Office,Paper,6,863.11,North,5178.66
ORD364251,2025-05-22,Clothing,Jacket,2,414.93,South,829.86
ORD930900,2025-06-26,Furniture,Chair,3,812.51,West,2437.53
ORD704547,2025-05-21,Office,Paper,1,114.5,East,114.5
ORD852328,2025-03-21,Electronics,Laptop,1,1148.4,East,1148.4
ORD292904,2025-10-27,Office,Pen,2,488.19,North,976.38
ORD914672,2025-05-16,Furniture,Chair,6,1031.7,East,6190.2
ORD523778,2025-09-01,Office,Pen,6,841.79,East,5050.74
ORD740800,2025-08-05,Office,Pen,9,147.75,West,1329.75
ORD383240,2025-06-01,Electronics,Headphones,6,780.28,West,4681.68
ORD550283,2025-09-29,Office,Paper,8,1157.36,East,9258.88
ORD418797,2024-12-26,Office,Stapler,3,886.31,South,2658.93
ORD955939,2025-10-12,Clothing,Hat,3,727.91,East,2183.73
ORD480177,2025-09-16,Furniture,Shelf,6,580.94,West,3485.64
ORD531345,2025-05-12,Clothing,Jacket,2,780.56,West,1561.12
ORD803317,2025-08-04,Furniture,Shelf,5,1098.05,West,5490.25
ORD558369,2025-05-18,Furniture,Chair,4,767.94,North,3071.76
ORD782825,2025-02-16,Office,Pen,2,1284.68,East,2569.36
ORD576075,2025-08-28,Furniture,Chair,8,588.78,North,4710.24
ORD483582,2025-02-07,Clothing,Shirt,1,714.25,South,714.25
ORD491578,2025-03-04,Office,Pen,1,1037.16,West,1037.16
ORD396942,2025-05-18,Electronics,Laptop,9,809.06,North,7281.54
ORD105692,2025-09-11,Office,Paper,5,873.4,North,4367.0
ORD307568,2025-03-30,Office,Stapler,1,679.13,North,679.13
ORD874004,2025-05-09,Electronics,Laptop,5,423.94,East,2119.7
ORD741753,2024-11-25,Office,Paper,2,377.08,East,754.16
ORD513591,2024-12-22,Electronics,Headphones,4,807.05,East,3228.2
ORD327984,2024-11-30,Clothing,Hat,2,1493.53,East,2987.06
ORD650583,2024-12-06,Office,Stapler,8,835.56,South,6684.48
ORD265140,2025-09-23,Furniture,Shelf,9,1348.73,East,12138.57
ORD535883,2025-09-13,Furniture,Shelf,2,1050.64,South,2101.28
ORD923340,2025-09-05,Office,Stapler,9,160.68,West,1446.12
ORD172694,2024-11-30,Electronics,Phone,1,742.4,North,742.4
ORD911647,2024-12-08,Office,Stapler,9,1254.65,East,11291.85
ORD896148,2025-02-20,Office,Stapler,5,180.63,North,903.15
ORD163538,2025-06-04,Furniture,Chair,9,311.55,North,2803.95
ORD771562,2025-03-11,Clothing,Hat,1,923.57,North,923.57
ORD583929,2025-05-06,Clothing,Hat,3,97.13,North,291.39
ORD421023,2025-01-12,Office,Stapler,2,1050.41,North,2100.82
ORD177350,2025-08-03,Electronics,Laptop,3,853.49,North,2560.47
ORD978304,2025-03-04,Electronics,Phone,7,111.4,North,779.8
ORD772288,2024-12-04,Office,Stapler,5,26.07,North,130.35
ORD885474,2025-08-08,Office,Paper,2,331.52,East,663.04
ORD468870,2025-10-05,Furniture,Desk,8,837.21,North,6697.68
ORD759085,2024-11-15,Office,Stapler,9,53.97,South,485.73
ORD537866,2025-04-18,Office,Stapler,7,261.94,North,1833.58
ORD689775,2025-09-07,Office,Stapler,8,807.81,East,6462.48
ORD515162,2025-07-25,Furniture,Shelf,9,717.05,West,6453.45
ORD869039,2025-09-18,Furniture,Desk,7,398.7,South,2790.9
ORD347018,2025-04-10,Office,Pen,9,1201.3,North,10811.7
ORD577680,2025-03-25,Office,Pen,2,284.2,South,568.4
ORD604474,2025-07-26,Electronics,Headphones,7,50.57,North,353.99
ORD963252,2025-01-05,Office,Paper,9,422.12,East,3799.08
ORD935931,2025-02-05,Furniture,Shelf,4,1226.34,South,4905.36
ORD833951,2025-06-17,Furniture,Shelf,5,637.26,South,3186.3
ORD524548,2025-07-11,Furniture,Shelf,1,1497.39,West,1497.39
ORD290442,2024-12-23,Office,Pen,8,1294.41,North,10355.28
ORD907041,2025-05-14,Clothing,Shirt,5,1285.82,South,6429.1
ORD419827,2025-03-23,Office,Paper,7,15.99,West,111.93
ORD940336,2025-05-12,Electronics,Laptop,8,1345.43,North,10763.44
ORD994849,2025-10-25,Electronics,Headphones,9,328.5,East,2956.5
ORD275737,2024-12-07,Clothing,Jacket,2,102.59,North,205.18
ORD462666,2025-11-08,Electronics,Headphones,6,1215.32,South,7291.92
ORD369132,2025-04-23,Electronics,Laptop,2,801.9,East,1603.8
ORD997578,2025-08-18,Furniture,Shelf,5,1072.22,North,5361.1
ORD451954,2025-04-13,Office,Paper,7,192.81,North,1349.67
ORD664700,2025-03-03,Furniture,Chair,4,1410.27,North,5641.08
ORD805161,2025-08-18,Electronics,Laptop,8,391.59,West,3132.72
ORD941280,2025-07-18,Clothing,Shirt,1,931.42,South,931.42
ORD630593,2025-01-01,Clothing,Hat,1,598.45,West,598.45
ORD153023,2025-07-25,Clothing,Hat,5,929.72,East,4648.6
ORD116079,2025-08-11,Clothing,Shirt,9,92.91,East,836.19
ORD191591,2025-03-31,Furniture,Desk,8,1380.94,West,11047.52
ORD124365,2025-10-13,Furniture,Shelf,3,713.71,North,2141.13
ORD122452,2025-07-01,Clothing,Hat,1,32.26,West,32.26
ORD116089,2025-03-11,Clothing,Jacket,6,195.5,West,1173.0
ORD757191,2024-11-13,Electronics,Headphones,6,355.27,East,2131.62
ORD755106,2025-07-14,Office,Stapler,9,1316.38,West,11847.42
ORD161513,2025-01-25,Furniture,Desk,8,278.44,West,2227.52
ORD315582,2025-08-13,Furniture,Desk,6,1339.26,North,8035.56
ORD537541,2025-05-20,Furniture,Shelf,9,474.26,East,4268.34
ORD937689,2025-04-29,Furniture,Shelf,7,815.06,North,5705.42
ORD206317,2025-01-08,Furniture,Shelf,9,1118.33,East,10064.97
ORD744223,2025-07-27,Office,Paper,8,224.2,East,1793.6
ORD560837,2025-01-09,Office,Pen,3,182.65,South,547.95
ORD483161,2025-04-11,Electronics,Phone,9,258.7,East,2328.3
ORD123588,2025-09-11,Furniture,Shelf,2,1344.95,North,2689.9
ORD295318,2025-10-11,Clothing,Jacket,7,341.49,South,2390.43
ORD372923,2025-11-06,Office,Pen,8,1373.34,East,10986.72
ORD584193,2025-10-25,Furniture,Chair,8,875.09,East,7000.72
ORD688055,2025-05-31,Electronics,Phone,7,780.8,North,5465.6
ORD497623,2025-01-22,Electronics,Laptop,5,274.61,South,1373.05
ORD818206,2025-09-12,Clothing,Jacket,2,1168.56,East,2337.12
ORD795968,2025-08-29,Clothing,Hat,5,413.33,North,2066.65
ORD438044,2025-11-06,Office,Stapler,6,1379.24,South,8275.44
ORD682029,2025-07-05,Office,Stapler,7,560.06,North,3920.42
ORD331317,2024-12-31,Electronics,Headphones,7,230.23,East,1611.61
ORD360941,2025-05-12,Clothing,Hat,9,25.89,East,233.01
ORD262280,2025-04-22,Electronics,Headphones,5,460.91,East,2304.55
ORD328954,2025-09-13,Furniture,Desk,3,890.35,North,2671.05
ORD313174,2025-04-02,Office,Paper,2,211.47,North,422.94
ORD820576,2025-03-09,Office,Pen,9,1353.42,South,12180.78
ORD610623,2024-12-09,Clothing,Shirt,4,865.87,North,3463.48
ORD411918,2025-09-10,Clothing,Hat,4,448.1,North,1792.4
ORD890121,2025-08-12,Office,Paper,1,475.46,North,475.46
ORD715988,2024-11-25,Furniture,Shelf,6,689.8,North,4138.8
ORD118232,2025-04-17,Office,Paper,5,834.31,East,4171.55
ORD909110,2025-05-04,Electronics,Headphones,6,981.84,West,5891.04
ORD234079,2025-04-30,Furniture,Chair,5,504.74,East,2523.7
ORD757066,2025-10-11,Furniture,Desk,3,1237.63,North,3712.89
ORD972417,2025-01-03,Office,Paper,4,494.12,North,1976.48
ORD425109,2025-03-01,Furniture,Chair,8,252.47,North,2019.76
ORD915054,2025-01-15,Furniture,Shelf,9,357.04,North,3213.36
ORD943431,2025-02-07,Clothing,Shirt,1,65.55,East,65.55
ORD314051,2025-10-07,Office,Pen,6,806.8,West,4840.8
ORD895775,2025-10-19,Furniture,Shelf,4,691.5,West,2766.0
ORD878004,2024-11-26,Furniture,Shelf,8,366.03,South,2928.24
ORD788598,2025-06-28,Furniture,Chair,3,172.59,West,517.77
ORD865387,2025-02-02,Office,Stapler,5,789.76,West,3948.8
ORD114619,2025-01-19,Electronics,Headphones,7,410.73,North,2875.11
ORD870574,2025-02-24,Office,Stapler,5,743.4,North,3717.0
ORD794399,2025-01-19,Electronics,Headphones,5,685.26,North,3426.3
ORD457726,2025-05-07,Furniture,Shelf,5,200.31,South,1001.55
ORD211685,2025-11-08,Clothing,Jacket,8,1135.68,North,9085.44
ORD889683,2025-06-12,Office,Stapler,6,776.02,West,4656.12
ORD681529,2025-07-31,Clothing,Shirt,6,453.98,North,2723.88
ORD320739,2025-05-09,Office,Stapler,3,1145.96,West,3437.88
ORD934524,2024-11-15,Furniture,Chair,5,1161.2,South,5806.0
ORD751771,2024-12-10,Clothing,Jacket,7,839.04,North,5873.28
ORD707005,2025-02-16,Clothing,Hat,8,828.38,North,6627.04
ORD533331,2025-02-06,Clothing,Jacket,3,982.69,West,2948.07
ORD476973,2025-09-12,Furniture,Desk,2,1000.99,North,2001.98
ORD143800,2025-09-13,Clothing,Hat,2,552.33,West,1104.66
ORD229957,2025-09-17,Electronics,Phone,4,742.74,West,2970.96
ORD327025,2025-06-30,Office,Paper,3,1470.12,North,4410.36
ORD528540,2025-06-01,Electronics,Headphones,5,110.38,South,551.9
ORD325338,2025-07-04,Furniture,Chair,1,1015.24,South,1015.24
ORD457225,2025-04-07,Electronics,Headphones,8,1087.54,West,8700.32
ORD318362,2025-07-12,Electronics,Laptop,7,1485.27,West,10396.89
ORD607172,2025-08-26,Electronics,Phone,8,244.79,West,1958.32
ORD598385,2025-08-15,Furniture,Shelf,7,60.56,East,423.92
ORD843456,2025-06-22,Clothing,Jacket,5,1315.14,South,6575.7
ORD271578,2024-12-01,Electronics,Headphones,4,1273.76,West,5095.04
ORD631280,2025-08-01,Office,Stapler,9,736.4,North,6627.6
ORD864871,2025-03-23,Electronics,Headphones,7,1186.95,West,8308.65
ORD164238,2025-08-08,Furniture,Shelf,7,1154.75,East,8083.25
ORD895195,2025-05-25,Furniture,Desk,9,967.42,North,8706.78
ORD131017,2025-09-27,Clothing,Shirt,8,1096.08,South,8768.64
ORD491148,2025-03-13,Electronics,Laptop,2,1467.17,West,2934.34
ORD508905,2025-10-15,Electronics,Phone,9,599.08,South,5391.72
ORD686528,2025-09-14,Furniture,Desk,9,1479.95,South,13319.55
ORD905047,2025-03-10,Office,Stapler,7,1286.45,South,9005.15
ORD877723,2025-05-05,Electronics,Headphones,1,1460.02,North,1460.02
ORD828948,2025-05-22,Office,Pen,1,703.19,East,703.19
ORD594385,2025-08-17,Office,Paper,3,208.36,South,625.08
ORD682949,2025-07-19,Furniture,Desk,6,326.96,East,1961.76
ORD198343,2025-09-16,Clothing,Hat,6,1349.9,East,8099.4
ORD529171,2025-03-25,Furniture,Desk,3,499.73,West,1499.19
ORD502478,2025-05-13,Electronics,Phone,3,413.04,North,1239.12
ORD964053,2025-04-16,Furniture,Chair,5,974.53,South,4872.65
ORD258264,2025-10-07,Electronics,Headphones,4,1036.18,North,4144.72
ORD114444,2025-03-01,Clothing,Shirt,5,6.38,North,31.9
ORD995322,2025-06-12,Office,Paper,1,413.05,East,413.05
ORD863892,2024-12-23,Furniture,Shelf,2,468.45,North,936.9
ORD213617,2025-09-16,Office,Pen,8,1204.96,South,9639.68
ORD466634,2025-03-30,Furniture,Chair,6,1305.79,South,7834.74
ORD240107,2025-03-14,Clothing,Shirt,1,863.57,South,863.57
ORD246967,2025-06-10,Office,Stapler,8,684.88,West,5479.04
ORD829808,2025-05-11,Electronics,Laptop,6,615.73,East,3694.38
ORD716627,2025-09-15,Clothing,Jacket,4,414.18,West,1656.72
ORD353121,2025-05-22,Electronics,Laptop,3,57.2,West,171.6
ORD467982,2025-05-17,Electronics,Laptop,7,171.49,North,1200.43
ORD949702,2024-12-18,Electronics,Headphones,1,1312.58,East,1312.58
ORD796870,2024-11-18,Clothing,Shirt,4,1107.04,West,4428.16
ORD507773,2025-04-04,Clothing,Shirt,4,431.84,South,1727.36
ORD756638,2025-11-09,Office,Stapler,7,710.08,East,4970.56
ORD459955,2025-10-10,Electronics,Laptop,7,1282.52,South,8977.64
ORD313559,2025-06-27,Office,Stapler,4,720.35,South,2881.4
ORD499929,2025-06-28,Furniture,Shelf,7,1466.37,West,10264.59
ORD858372,2025-04-01,Clothing,Jacket,8,205.16,South,1641.28
ORD250621,2025-01-13,Office,Stapler,1,644.7,South,644.7
ORD336240,2024-11-13,Electronics,Laptop,5,372.66,West,1863.3
ORD274413,2025-03-13,Furniture,Desk,9,852.56,North,7673.04
ORD411558,2025-03-05,Clothing,Jacket,4,762.38,East,3049.52
ORD340599,2025-01-18,Electronics,Laptop,5,816.88,East,4084.4
ORD739128,2025-02-12,Clothing,Jacket,7,508.23,North,3557.61
ORD469026,2024-11-19,Clothing,Shirt,3,909.74,West,2729.22
ORD674255,2025-06-19,Electronics,Phone,4,518.18,West,2072.72
ORD713619,2025-10-14,Electronics,Headphones,9,1120.19,West,10081.71
ORD629921,2025-07-20,Electronics,Phone,4,959.32,North,3837.28
ORD357332,2025-04-22,Electronics,Phone,3,1169.81,South,3509.43
ORD624294,2025-04-12,Furniture,Chair,3,667.55,North,2002.65
ORD277005,2025-03-02,Furniture,Desk,8,170.65,West,1365.2
ORD833215,2024-12-31,Electronics,Laptop,1,726.39,South,726.39
ORD990494,2025-06-16,Clothing,Shirt,5,625.61,East,3128.05
ORD876328,2025-06-04,Office,Pen,9,754.98,West,6794.82
ORD494565,2024-11-12,Furniture,Desk,9,763.45,North,6871.05
ORD763801,2025-04-10,Furniture,Chair,5,856.62,East,4283.1
ORD457600,2025-02-19,Electronics,Laptop,7,967.91,South,6775.37
ORD809903,2025-01-11,Furniture,Chair,1,14.06,South,14.06
ORD348098,2025-07-24,Electronics,Laptop,4,127.47,West,509.88
ORD930813,2025-05-20,Clothing,Jacket,5,1496.48,South,7482.4
ORD881214,2025-06-29,Clothing,Shirt,6,1450.59,West,8703.54
ORD223219,2025-07-28,Electronics,Phone,7,209.56,East,1466.92
ORD346806,2025-11-03,Furniture,Desk,5,30.15,West,150.75
ORD999284,2025-08-30,Clothing,Hat,5,276.27,South,1381.35
ORD782200,2025-06-24,Electronics,Laptop,5,1264.76,East,6323.8
